y/m,rainfall,max_rainfall_per_day
1922/1,58.4,10.8
1922/2,150.3,36.7
1922/3,111.8,27.9
1922/4,100.6,29.6
1922/5,58.8,25.1
1922/6,139.5,57.0
1922/7,299.1,112.0
1922/8,49.7,35.7
1922/9,147.0,95.4
1922/10,161.1,62.7
1922/11,95.8,26.4
1922/12,13.3,8.2
1923/1,20.6,10.9
1923/2,49.3,34.2
1923/3,113.2,35.6
1923/4,151.1,35.2
1923/5,247.9,47.6
1923/6,316.0,58.6
1923/7,214.6,46.3
1923/8,69.2,60.7
1923/9,139.1,26.0
1923/10,160.3,40.8
1923/11,134.4,18.9
1923/12,37.5,12.8
1924/1,5.7,2.3
1924/2,33.9,10.9
1924/3,35.0,9.0
1924/4,150.8,63.2
1924/5,171.9,50.7
1924/6,104.5,37.4
1924/7,27.1,16.3
1924/8,71.5,26.4
1924/9,148.5,53.3
1924/10,121.0,36.9
1924/11,45.7,18.2
1924/12,17.5,10.7
1925/1,19.5,8.1
1925/2,47.5,23.3
1925/3,24.3,3.8
1925/4,118.6,34.5
1925/5,200.0,85.0
1925/6,206.4,46.3
1925/7,130.0,68.0
1925/8,99.0,56.4
1925/9,325.1,119.7
1925/10,71.9,24.5
1925/11,59.0,17.2
1925/12,41.4,22.9
1926/1,24.8,16.2
1926/2,66.7,19.4
1926/3,74.0,18.4
1926/4,113.8,30.3
1926/5,234.6,55.3
1926/6,78.1,28.0
1926/7,246.4,59.6
1926/8,48.0,15.2
1926/9,163.2,48.6
1926/10,106.8,75.5
1926/11,49.1,17.8
1926/12,82.8,28.5
1927/1,28.7,11.0
1927/2,33.3,13.1
1927/3,166.1,42.6
1927/4,62.8,22.4
1927/5,100.6,51.4
1927/6,61.8,32.8
1927/7,95.3,28.2
1927/8,150.0,32.7
1927/9,270.5,68.3
1927/10,48.2,20.8
1927/11,91.4,28.6
1927/12,33.3,12.0
1928/1,87.1,18.2
1928/2,72.3,22.5
1928/3,56.0,23.3
1928/4,91.6,37.1
1928/5,128.1,47.0
1928/6,315.6,50.8
1928/7,163.2,67.4
1928/8,137.9,63.7
1928/9,94.3,40.4
1928/10,94.6,42.5
1928/11,95.6,67.6
1928/12,47.8,13.1
1929/1,12.1,3.6
1929/2,23.6,17.9
1929/3,44.9,14.3
1929/4,95.4,25.2
1929/5,136.6,32.8
1929/6,99.7,41.2
1929/7,129.2,28.0
1929/8,34.8,18.4
1929/9,248.0,62.3
1929/10,171.2,47.4
1929/11,119.8,27.0
1929/12,98.7,28.5
1930/1,42.6,16.0
1930/2,59.4,15.9
1930/3,57.6,25.4
1930/4,90.4,17.6
1930/5,67.9,15.5
1930/6,158.9,37.8
1930/7,135.5,47.2
1930/8,99.8,51.1
1930/9,93.5,32.6
1930/10,148.9,44.7
1930/11,110.3,36.4
1930/12,36.4,16.3
1931/1,71.6,15.5
1931/2,103.0,20.9
1931/3,63.1,20.4
1931/4,123.2,24.5
1931/5,122.0,27.2
1931/6,70.3,36.9
1931/7,281.4,48.9
1931/8,40.7,25.8
1931/9,159.6,62.5
1931/10,215.0,62.5
1931/11,72.5,23.5
1931/12,95.9,38.6
1932/1,20.1,13.3
1932/2,23.2,10.1
1932/3,53.3,15.6
1932/4,168.4,61.1
1932/5,107.0,35.1
1932/6,146.6,30.3
1932/7,324.9,99.4
1932/8,202.5,73.1
1932/9,231.4,49.9
1932/10,34.3,9.9
1932/11,133.2,65.2
1932/12,52.3,12.4
1933/1,26.8,11.2
1933/2,25.1,10.6
1933/3,132.3,23.9
1933/4,197.9,81.4
1933/5,84.1,25.1
1933/6,82.5,42.2
1933/7,42.8,19.0
1933/8,230.3,48.8
1933/9,53.4,24.8
1933/10,163.2,54.5
1933/11,120.1,38.5
1933/12,34.0,10.7
1934/1,24.7,12.5
1934/2,28.9,16.6
1934/3,57.7,19.0
1934/4,142.2,42.4
1934/5,57.1,18.0
1934/6,166.3,86.3
1934/7,76.1,23.7
1934/8,5.6,1.7
1934/9,213.7,81.3
1934/10,101.6,40.4
1934/11,102.6,26.0
1934/12,34.7,20.0
1935/1,28.9,22.9
1935/2,72.5,27.7
1935/3,64.4,23.6
1935/4,76.4,30.9
1935/5,84.9,33.6
1935/6,301.8,131.2
1935/7,136.8,38.4
1935/8,446.8,143.8
1935/9,323.5,82.4
1935/10,91.0,66.3
1935/11,63.3,18.3
1935/12,69.6,26.6
1936/1,17.7,17.1
1936/2,38.8,13.2
1936/3,37.8,12.4
1936/4,260.6,41.0
1936/5,136.6,40.2
1936/6,66.3,28.4
1936/7,185.5,44.5
1936/8,54.0,16.7
1936/9,135.4,40.2
1936/10,147.8,35.6
1936/11,53.6,26.9
1936/12,45.3,14.6
1937/1,48.7,13.0
1937/2,110.1,29.5
1937/3,112.2,46.3
1937/4,73.9,13.7
1937/5,94.9,30.2
1937/6,116.5,41.4
1937/7,101.6,33.7
1937/8,52.2,33.8
1937/9,144.1,58.4
1937/10,98.1,41.8
1937/11,118.8,34.2
1937/12,33.8,16.4
1938/1,53.2,19.5
1938/2,27.2,15.6
1938/3,83.7,25.8
1938/4,95.7,36.4
1938/5,126.4,34.9
1938/6,163.2,50.7
1938/7,519.5,270.4
1938/8,320.5,135.4
1938/9,79.1,19.8
1938/10,190.0,43.2
1938/11,39.2,28.6
1938/12,21.5,7.2
1939/1,31.8,11.0
1939/2,33.5,11.9
1939/3,104.0,45.0
1939/4,99.6,24.7
1939/5,83.7,57.6
1939/6,106.5,39.5
1939/7,54.5,31.2
1939/8,112.0,103.5
1939/9,160.2,63.8
1939/10,149.0,64.5
1939/11,95.2,48.5
1939/12,1.0,1.0
1940/1,8.0,4.5
1940/2,77.9,25.6
1940/3,73.7,21.4
1940/4,101.2,30.7
1940/5,14.6,7.7
1940/6,254.4,94.0
1940/7,72.8,38.2
1940/8,196.5,32.9
1940/9,117.3,77.3
1940/10,127.5,55.6
1940/11,42.0,14.0
1940/12,32.1,10.3
1941/1,60.0,27.0
1941/2,67.4,13.9
1941/3,67.1,14.4
1941/4,58.4,20.1
1941/5,267.1,55.3
1941/6,334.0,68.9
1941/7,136.3,37.3
1941/8,151.6,40.8
1941/9,315.2,62.4
1941/10,52.7,14.9
1941/11,84.1,40.4
1941/12,60.4,25.6
1942/1,5.8,4.1
1942/2,49.2,9.7
1942/3,137.7,45.2
1942/4,90.9,30.5
1942/5,111.8,35.2
1942/6,248.7,54.5
1942/7,19.0,16.4
1942/8,141.9,37.3
1942/9,204.1,80.0
1942/10,40.0,11.0
1942/11,43.7,29.2
1942/12,7.2,2.2
1943/1,28.1,12.6
1943/2,50.6,23.2
1943/3,54.2,17.4
1943/4,132.0,50.5
1943/5,93.3,40.9
1943/6,153.8,51.3
1943/7,308.3,112.5
1943/8,92.8,33.8
1943/9,52.3,19.2
1943/10,129.7,56.4
1943/11,25.4,12.7
1943/12,27.0,10.9
1944/1,19.5,13.7
1944/2,33.1,14.1
1944/3,114.9,50.6
1944/4,113.8,55.3
1944/5,78.0,36.0
1944/6,86.2,35.7
1944/7,22.4,12.8
1944/8,133.2,73.4
1944/9,139.2,38.3
1944/10,166.7,51.5
1944/11,132.4,30.3
1944/12,16.7,10.4
1945/1,1.8,1.8
1945/2,47.0,19.3
1945/4,95.7,42.5
1945/5,138.9,21.9
1945/6,202.4,55.9
1945/7,205.5,89.9
1945/8,104.7,48.7
1945/9,169.1,31.9
1945/10,499.3,262.8
1945/11,54.7,15.9
1945/12,45.5,20.5
1946/1,37.9,20.8
1946/2,52.0,16.6
1946/3,88.5,16.4
1946/4,120.8,27.1
1946/5,119.7,56.9
1946/6,237.2,39.2
1946/7,179.8,58.1
1946/8,94.1,45.1
1946/9,166.8,47.3
1946/10,116.6,26.3
1946/11,72.3,26.7
1946/12,51.6,25.3
1947/1,51.7,16.6
1947/2,29.9,22.0
1947/3,53.5,15.3
1947/4,50.0,21.8
1947/5,123.8,28.9
1947/6,77.4,25.3
1947/7,113.7,43.3
1947/8,28.1,22.6
1947/9,91.2,43.1
1947/10,75.6,21.9
1947/11,16.9,10.7
1947/12,75.8,24.5
1948/1,30.2,17.4
1948/2,48.1,18.7
1948/3,132.7,40.5
1948/4,99.6,32.3
1948/5,87.9,59.0
1948/6,85.6,24.1
1948/7,143.7,50.7
1948/8,120.9,38.1
1948/9,179.3,49.6
1948/10,37.7,17.4
1948/11,107.6,45.6
1948/12,49.7,8.9
1949/1,30.0,18.3
1949/2,50.0,23.9
1949/3,109.7,20.6
1949/4,86.6,20.3
1949/5,122.1,23.4
1949/6,358.5,181.8
1949/7,163.4,113.3
1949/8,65.4,16.9
1949/9,163.3,41.2
1949/10,143.7,35.1
1949/11,108.5,35.7
1949/12,85.1,15.0
1950/1,107.6,44.2
1950/2,47.0,22.2
1950/3,201.9,117.1
1950/4,98.5,20.3
1950/5,77.6,31.5
1950/6,229.2,53.0
1950/7,91.8,29.2
1950/8,100.3,69.8
1950/9,214.8,84.5
1950/10,124.9,30.6
1950/11,89.6,25.2
1950/12,89.2,28.4
1951/1,42.5,15.6
1951/2,74.6,18.4
1951/3,106.0,27.2
1951/4,98.2,16.8
1951/5,162.8,51.0
1951/6,122.8,26.2
1951/7,496.0,109.4
1951/8,49.2,25.6
1951/9,95.3,32.9
1951/10,54.7,30.2
1951/11,116.9,33.3
1951/12,41.6,13.0
1952/1,61.1,22.1
1952/2,62.2,26.1
1952/3,121.7,19.7
1952/4,216.0,60.2
1952/5,139.7,55.3
1952/6,210.6,115.9
1952/7,421.4,95.7
1952/8,68.1,41.5
1952/9,160.4,44.6
1952/10,100.7,50.1
1952/11,102.8,42.5
1952/12,16.0,8.2
1953/1,43.5,25.0
1953/2,88.1,41.5
1953/3,105.5,24.7
1953/4,68.9,18.9
1953/5,185.0,49.8
1953/6,271.6,86.1
1953/7,195.5,54.9
1953/8,90.9,31.7
1953/9,360.7,116.2
1953/10,28.2,6.1
1953/11,41.3,17.8
1953/12,35.9,19.8
1954/1,63.8,12.8
1954/2,65.1,22.2
1954/3,60.3,21.6
1954/4,136.7,50.6
1954/5,158.9,46.9
1954/6,435.1,175.8
1954/7,361.0,112.7
1954/8,95.6,53.0
1954/9,236.8,57.8
1954/10,36.2,8.9
1954/11,40.3,27.4
1954/12,39.6,11.3
1955/1,49.6,18.9
1955/2,88.5,42.8
1955/3,126.1,25.7
1955/4,168.8,43.1
1955/5,74.4,20.7
1955/6,160.7,67.1
1955/7,110.3,32.9
1955/8,106.0,73.4
1955/9,56.7,30.6
1955/10,114.5,19.8
1955/11,79.9,35.7
1955/12,29.2,25.2
1956/1,39.9,18.9
1956/2,40.5,23.6
1956/3,179.1,35.9
1956/4,87.6,19.4
1956/5,234.1,43.2
1956/6,159.1,44.3
1956/7,95.5,34.4
1956/8,103.5,24.7
1956/9,230.4,83.7
1956/10,122.0,55.1
1956/11,26.8,23.0
1956/12,4.2,2.2
1957/1,41.7,15.3
1957/2,40.3,15.6
1957/3,36.1,16.0
1957/4,129.3,46.0
1957/5,115.2,31.3
1957/6,235.0,165.6
1957/7,261.4,51.7
1957/8,116.0,38.7
1957/9,286.1,57.1
1957/10,45.9,18.0
1957/11,32.9,17.0
1957/12,45.7,13.3
1958/1,56.2,15.8
1958/2,59.4,21.4
1958/3,101.4,39.1
1958/4,224.4,39.8
1958/5,82.4,14.6
1958/6,143.4,45.7
1958/7,64.9,32.9
1958/8,100.0,32.5
1958/9,183.3,56.8
1958/10,157.2,26.9
1958/11,71.7,23.4
1958/12,59.3,15.0
1959/1,65.2,41.3
1959/2,129.6,33.3
1959/3,96.1,20.9
1959/4,126.1,30.2
1959/5,173.5,52.3
1959/6,82.2,25.0
1959/7,227.1,80.7
1959/8,232.6,123.4
1959/9,144.3,60.1
1959/10,80.9,38.3
1959/11,83.4,38.2
1959/12,75.7,37.7
1960/1,19.7,12.3
1960/2,13.4,5.5
1960/3,41.8,12.5
1960/4,117.9,33.3
1960/5,240.6,112.3
1960/6,157.3,68.9
1960/7,139.6,43.6
1960/8,388.5,142.2
1960/9,186.1,48.2
1960/10,84.3,32.3
1960/11,93.0,40.1
1960/12,33.3,13.1
1961/1,58.9,24.3
1961/2,34.7,15.0
1961/3,80.6,21.5
1961/4,136.0,34.4
1961/5,109.8,31.7
1961/6,584.2,195.2
1961/7,82.5,28.9
1961/8,30.2,10.1
1961/9,155.6,104.0
1961/10,260.4,91.1
1961/11,77.2,28.5
1961/12,20.9,18.0
1962/1,37.8,14.8
1962/2,14.1,8.4
1962/3,39.8,13.2
1962/4,135.3,31.1
1962/5,133.3,41.8
1962/6,435.2,130.1
1962/7,195.0,61.3
1962/8,16.7,10.4
1962/9,19.7,9.9
1962/10,64.5,28.7
1962/11,59.8,19.6
1962/12,81.4,35.9
1963/1,38.1,12.7
1963/2,30.8,17.6
1963/3,99.6,27.8
1963/4,191.4,64.5
1963/5,311.9,39.8
1963/6,184.1,33.3
1963/7,75.4,23.0
1963/8,127.2,64.2
1963/9,111.0,25.5
1963/10,77.6,33.0
1963/11,36.8,10.0
1963/12,16.5,4.9
1964/1,78.4,23.1
1964/2,72.5,23.4
1964/3,72.4,19.2
1964/4,160.0,43.8
1964/5,76.6,25.2
1964/6,170.1,97.1
1964/7,116.7,36.6
1964/8,33.9,13.2
1964/9,138.4,45.7
1964/10,81.8,30.3
1964/11,72.2,41.1
1964/12,13.2,4.3
1965/1,55.3,27.6
1965/2,21.2,5.7
1965/3,95.3,60.3
1965/4,84.9,34.5
1965/5,268.2,106.3
1965/6,132.4,23.2
1965/7,235.7,65.0
1965/8,2.8,2.2
1965/9,558.6,219.4
1965/10,95.5,72.0
1965/11,130.9,46.6
1965/12,45.7,9.6
1966/1,62.8,18.9
1966/2,67.1,27.7
1966/3,182.6,39.5
1966/4,103.4,24.0
1966/5,189.4,49.2
1966/6,210.7,44.3
1966/7,188.4,78.7
1966/8,100.9,40.2
1966/9,209.8,95.7
1966/10,75.6,46.1
1966/11,50.6,14.9
1966/12,28.7,19.1
1967/1,57.4,30.0
1967/2,28.1,7.0
1967/3,137.0,26.3
1967/4,241.1,36.4
1967/5,53.4,16.5
1967/6,119.4,64.3
1967/7,520.8,319.4
1967/8,15.5,5.5
1967/9,37.2,11.2
1967/10,142.3,76.7
1967/11,66.7,17.0
1967/12,10.6,4.9
1968/1,24.5,14.0
1968/2,52.5,29.0
1968/3,67.0,20.0
1968/4,86.0,29.5
1968/5,84.5,29.5
1968/6,78.5,15.5
1968/7,213.5,64.0
1968/8,159.5,72.5
1968/9,192.5,58.0
1968/10,124.0,36.0
1968/11,35.0,16.5
1968/12,79.0,23.5
1969/1,56.5,14.5
1969/2,76.0,24.0
1969/3,139.0,38.0
1969/4,93.0,34.0
1969/5,112.5,26.0
1969/6,396.0,115.5
1969/7,178.0,52.5
1969/8,77.5,41.5
1969/9,28.0,9.5
1969/10,56.5,36.5
1969/11,89.0,47.0
1969/12,48.5,46.5
1970/1,50.5,47.5
1970/2,38.0,10.0
1970/3,39.5,13.0
1970/4,201.5,50.5
1970/5,122.0,38.5
1970/6,332.5,53.0
1970/7,158.0,49.0
1970/8,86.0,33.0
1970/9,207.5,53.0
1970/10,89.0,31.0
1970/11,94.5,42.5
1970/12,39.5,11.0
1971/1,25.5,10.5
1971/2,39.5,10.0
1971/3,79.5,23.5
1971/4,135.5,29.0
1971/5,203.0,50.5
1971/6,165.5,40.0
1971/7,145.5,24.5
1971/8,178.5,81.0
1971/9,193.5,54.5
1971/10,101.0,22.0
1971/11,5.5,3.5
1971/12,67.0,24.5
1972/1,73.0,24.5
1972/2,131.0,40.5
1972/3,88.0,23.0
1972/4,172.0,37.0
1972/5,97.0,18.5
1972/6,202.5,55.5
1972/7,335.0,152.0
1972/8,175.0,88.0
1972/9,274.0,110.5
1972/10,69.0,21.5
1972/11,62.0,20.5
1972/12,41.0,11.5
1973/1,104.0,35.5
1973/2,32.0,10.0
1973/3,14.0,6.0
1973/4,218.5,40.0
1973/5,122.0,55.0
1973/6,79.5,24.0
1973/7,19.0,5.5
1973/8,43.5,14.0
1973/9,140.5,27.5
1973/10,149.0,68.5
1973/11,4.0,2.0
1973/12,9.0,3.5
1974/1,15.5,15.5
1974/2,95.5,35.5
1974/3,72.0,14.0
1974/4,171.0,74.0
1974/5,111.0,46.5
1974/6,184.0,51.5
1974/7,221.5,41.0
1974/8,194.0,65.5
1974/9,259.5,83.5
1974/10,164.5,45.5
1974/11,79.5,70.0
1974/12,60.0,25.0
1975/1,36.0,17.0
1975/2,45.0,17.0
1975/3,37.0,25.0
1975/4,176.5,28.0
1975/5,42.0,12.5
1975/6,171.0,47.0
1975/7,202.0,52.5
1975/8,173.0,72.5
1975/9,105.5,65.0
1975/10,264.0,77.0
1975/11,97.5,45.5
1975/12,64.0,29.0
1976/1,9.5,3.5
1976/2,85.5,19.0
1976/3,96.0,35.0
1976/4,139.0,46.5
1976/5,157.0,46.0
1976/6,165.0,36.0
1976/7,86.0,36.5
1976/8,112.5,44.0
1976/9,255.0,77.5
1976/10,115.5,31.5
1976/11,35.0,15.0
1976/12,57.5,21.5
1977/1,10.5,6.5
1977/2,26.0,10.0
1977/3,133.0,28.0
1977/4,169.5,67.5
1977/5,93.0,41.5
1977/6,180.0,29.5
1977/7,48.0,34.0
1977/8,49.5,15.0
1977/9,75.5,40.5
1977/10,59.5,27.0
1977/11,174.5,63.5
1977/12,41.0,11.5
1978/1,29.0,21.0
1978/2,6.5,3.5
1978/3,30.0,10.5
1978/4,71.0,37.5
1978/5,70.0,25.5
1978/6,335.5,91.0
1978/7,20.5,15.5
1978/8,31.0,16.0
1978/9,128.5,33.5
1978/10,89.5,26.5
1978/11,53.0,19.5
1978/12,39.0,18.5
1979/1,41.5,12.0
1979/2,99.0,36.0
1979/3,94.5,25.0
1979/4,188.5,48.0
1979/5,104.5,50.5
1979/6,216.5,86.5
1979/7,52.0,24.0
1979/8,33.5,28.0
1979/9,141.0,82.0
1979/10,88.5,38.5
1979/11,85.0,35.5
1979/12,29.0,10.0
1980/1,85.0,16.5
1980/2,30.0,16.0
1980/3,108.5,31.0
1980/4,113.5,23.5
1980/5,205.0,49.5
1980/6,147.0,36.0
1980/7,245.5,51.0
1980/8,242.0,75.5
1980/9,126.5,27.0
1980/10,182.0,77.0
1980/11,75.0,46.0
1980/12,42.0,15.5
1981/1,8.5,5.5
1981/2,53.0,19.0
1981/3,90.0,17.0
1981/4,135.5,25.5
1981/5,172.0,48.5
1981/6,167.0,28.5
1981/7,79.0,16.5
1981/8,38.0,16.5
1981/9,122.5,25.5
1981/10,144.0,57.0
1981/11,68.0,22.0
1981/12,26.0,21.0
1982/1,16.0,13.0
1982/2,39.5,12.5
1982/3,119.5,44.0
1982/4,129.5,26.0
1982/5,101.0,30.0
1982/6,80.5,29.0
1982/7,230.0,47.0
1982/8,232.0,125.5
1982/9,84.5,30.0
1982/10,32.5,16.5
1982/11,151.0,67.0
1982/12,27.5,15.5
1983/1,23.5,11.0
1983/2,28.5,10.0
1983/3,100.0,36.0
1983/4,140.0,38.0
1983/5,133.5,64.5
1983/6,162.5,90.0
1983/7,175.5,61.0
1983/8,97.0,91.5
1983/9,344.0,197.0
1983/10,80.0,20.0
1983/11,20.5,14.0
1983/12,12.5,12.0
1984/1,28.5,15.0
1984/2,43.0,11.0
1984/3,36.0,18.0
1984/4,67.5,45.5
1984/5,150.0,46.0
1984/6,306.5,105.5
1984/7,129.5,32.5
1984/8,24.0,12.5
1984/9,118.0,66.5
1984/10,40.5,19.5
1984/11,38.5,33.0
1984/12,41.5,17.5
1985/1,17.5,7.0
1985/2,100.0,43.0
1985/3,129.5,22.0
1985/4,176.0,34.0
1985/5,186.0,75.5
1985/6,219.5,61.5
1985/7,102.5,32.5
1985/8,29.0,20.5
1985/9,67.0,20.5
1985/10,50.0,15.0
1985/11,50.0,20.0
1985/12,51.5,26.5
1986/1,12.0,11.0
1986/2,16.0,13.0
1986/3,204.0,128.0
1986/4,150.0,38.0
1986/5,209.0,74.0
1986/6,182.0,46.5
1986/7,95.5,20.0
1986/8,22.0,20.0
1986/9,60.5,22.0
1986/10,85.0,31.0
1986/11,18.5,12.5
1986/12,89.5,38.0
1987/1,62.5,15.0
1987/2,35.5,17.0
1987/3,109.0,21.0
1987/4,42.5,13.0
1987/5,181.0,70.0
1987/6,117.5,46.0
1987/7,196.0,57.0
1987/8,49.5,33.0
1987/9,112.0,30.0
1987/10,100.0,30.0
1987/11,34.0,15.0
1987/12,9.0,4.5
1988/1,28.5,14.0
1988/2,14.0,11.5
1988/3,89.5,25.0
1988/4,94.5,38.0
1988/5,194.5,45.0
1988/6,394.5,150.0
1988/7,89.0,34.0
1988/8,203.0,54.5
1988/9,103.0,46.5
1988/10,37.5,14.0
1988/11,71.0,29.0
1988/12,3.0,1.5
1989/1,102.5,26.5
1989/2,146.0,31.5
1989/3,78.5,20.5
1989/4,71.5,40.5
1989/5,143.0,26.5
1989/6,224.5,63.0
1989/7,122.0,39.0
1989/8,154.5,56.5
1989/9,483.5,121.5
1989/10,28.5,9.0
1989/11,40.5,23.0
1989/12,14.0,5.0
1990/1,53.5,16.0
1990/2,137.5,36.0
1990/3,116.5,37.0
1990/4,96.5,27.5
1990/5,188.5,55.0
1990/6,196.0,48.0
1990/7,144.5,50.0
1990/8,20.5,11.0
1990/9,272.0,72.0
1990/10,145.0,55.5
1990/11,109.0,51.5
1990/12,33.0,10.5
1991/1,34.0,16.0
1991/2,62.5,21.0
1991/3,132.5,26.5
1991/4,140.5,41.5
1991/5,122.0,53.5
1991/6,176.5,57.0
1991/7,137.0,51.0
1991/8,23.5,21.0
1991/9,98.0,37.5
1991/10,180.0,48.5
1991/11,73.5,40.0
1991/12,30.0,10.5
1992/1,25.0,12.0
1992/2,23.0,14.0
1992/3,133.5,29.5
1992/4,112.0,36.5
1992/5,146.0,35.5
1992/6,143.0,53.0
1992/7,68.0,23.0
1992/8,210.0,81.0
1992/9,106.5,48.0
1992/10,107.0,67.0
1992/11,45.5,34.5
1992/12,108.0,57.5
1993/1,48.0,14.0
1993/2,81.0,42.5
1993/3,74.5,26.5
1993/4,80.0,33.5
1993/5,93.0,26.0
1993/6,263.0,62.5
1993/7,353.0,74.0
1993/8,255.5,71.5
1993/9,237.0,86.0
1993/10,85.5,31.0
1993/11,91.5,40.5
1993/12,62.5,18.0
1994/1,35.5,28.5
1994/2,44.0,18.0
1994/3,27.0,9.5
1994/4,112.5,40.5
1994/5,83.5,34.0
1994/6,72.0,14.0
1994/7,31.5,30.0
1994/8,40.5,21.0
1994/9,66.5,28.0
1994/10,37.0,13.5
1994/11,21.0,8.0
1994/12,28.5,13.0
1995/1,37.5,22.0
1995/2,14.0,9.0
1995/3,59.0,23.5
1995/4,106.0,27.0
1995/5,348.0,118.5
1995/6,80.0,36.0
1995/7,342.5,73.0
1995/8,12.5,7.0
1995/9,46.0,20.0
1995/10,85.5,45.0
1995/11,51.5,19.5
1995/12,8.0,4.0
1996/1,31.0,15.0
1996/2,32.0,13.0
1996/3,104.5,32.5
1996/4,33.5,9.5
1996/5,62.5,24.0
1996/6,269.0,72.0
1996/7,80.5,38.0
1996/8,112.5,69.5
1996/9,165.0,76.5
1996/10,122.5,52.0
1996/11,52.5,22.0
1996/12,90.5,42.5
1997/1,29.0,15.0
1997/2,29.0,11.5
1997/3,89.0,17.0
1997/4,116.0,38.5
1997/5,144.0,38.5
1997/6,74.0,14.0
1997/7,369.5,82.5
1997/8,57.5,24.0
1997/9,229.5,65.5
1997/10,31.0,12.0
1997/11,96.5,40.0
1997/12,76.5,25.0
1998/1,89.5,23.5
1998/2,61.0,22.5
1998/3,69.0,22.5
1998/4,170.0,29.0
1998/5,202.5,51.0
1998/6,166.5,58.0
1998/7,129.0,53.0
1998/8,89.5,29.5
1998/9,302.0,122.0
1998/10,266.5,94.0
1998/11,22.5,10.5
1998/12,12.0,8.0
1999/1,15.0,6.5
1999/2,52.0,30.0
1999/3,112.0,40.0
1999/4,46.5,13.5
1999/5,107.5,39.0
1999/6,392.5,179.5
1999/7,111.0,44.5
1999/8,78.0,39.0
1999/9,194.0,46.5
1999/10,116.5,50.0
1999/11,66.0,25.0
1999/12,3.0,1.5
2000/1,40.5,9.5
2000/2,25.5,14.0
2000/3,96.5,28.5
2000/4,65.5,17.0
2000/5,90.5,27.0
2000/6,155.0,37.5
2000/7,14.5,6.0
2000/8,19.0,15.5
2000/9,230.5,123.0
2000/10,121.5,38.5
2000/11,149.0,66.5
2000/12,18.5,11.0
2001/1,81.0,18.0
2001/2,65.5,21.5
2001/3,56.0,30.0
2001/4,22.5,8.0
2001/5,102.0,30.5
2001/6,127.5,29.5
2001/7,37.0,18.0
2001/8,39.0,17.0
2001/9,101.5,71.5
2001/10,171.5,52.0
2001/11,35.5,16.0
2001/12,25.0,16.0
2002/1,60.5,38.5
2002/2,21.0,15.0
2002/3,95.0,33.5
2002/4,80.0,21.0
2002/5,107.0,30.5
2002/6,75.0,27.5
2002/7,96.5,24.0
2002/8,40.0,16.5
2002/9,78.0,31.0
2002/10,76.0,32.0
2002/11,51.5,29.0
2002/12,43.0,30.5
2003/1,55.0,19.0
2003/2,56.5,19.5
2003/3,96.0,22.0
2003/4,159.0,38.5
2003/5,97.0,49.0
2003/6,216.0,77.0
2003/7,193.5,68.0
2003/8,325.5,108.5
2003/9,117.5,43.0
2003/10,54.0,25.5
2003/11,145.5,43.0
2003/12,22.5,20.0
2004/1,8.5,6.0
2004/2,48.5,22.0
2004/3,64.0,33.0
2004/4,171.5,66.5
2004/5,219.0,51.0
2004/6,181.5,42.5
2004/7,18.5,13.5
2004/8,169.0,61.0
2004/9,151.5,116.5
2004/10,261.5,138.0
2004/11,76.0,25.0
2004/12,79.0,36.0
2005/1,10.5,6.5
2005/2,37.5,9.5
2005/3,82.0,21.0
2005/4,31.5,11.5
2005/5,51.5,19.5
2005/6,66.0,36.0
2005/7,164.0,57.0
2005/8,64.5,34.5
2005/9,56.5,26.0
2005/10,77.5,23.5
2005/11,24.5,18.0
2005/12,21.0,11.0
2006/1,24.0,20.0
2006/2,100.0,35.5
2006/3,125.0,34.5
2006/4,117.0,20.0
2006/5,252.0,64.0
2006/6,182.0,76.5
2006/7,306.5,72.0
2006/8,70.0,41.0
2006/9,102.5,34.5
2006/10,50.0,18.0
2006/11,61.5,21.5
2006/12,89.0,20.0
2007/1,21.0,7.0
2007/2,40.5,8.0
2007/3,81.0,17.0
2007/4,25.0,5.5
2007/5,183.5,83.0
2007/6,165.5,51.0
2007/7,155.5,37.5
2007/8,44.5,27.5
2007/9,30.0,6.0
2007/10,79.5,34.0
2007/11,15.0,9.5
2007/12,81.0,30.0
2008/1,38.0,12.5
2008/2,45.0,22.0
2008/3,89.0,21.0
2008/4,127.5,27.0
2008/5,173.0,41.0
2008/6,137.5,29.0
2008/7,64.5,35.0
2008/8,67.5,33.5
2008/9,136.0,47.0
2008/10,63.5,21.5
2008/11,56.0,16.5
2008/12,43.5,38.0
2009/1,53.5,19.0
2009/2,121.0,28.0
2009/3,119.0,35.0
2009/4,70.0,29.0
2009/5,70.5,25.5
2009/6,129.0,26.5
2009/7,213.5,69.0
2009/8,100.0,32.0
2009/9,31.5,18.5
2009/10,112.5,36.5
2009/11,148.0,57.5
2009/12,29.0,13.0
2010/1,43.0,33.0
2010/2,135.0,71.0
2010/3,177.5,29.0
2010/4,159.0,57.5
2010/5,177.5,65.5
2010/6,327.0,105.5
2010/7,312.0,67.5
2010/8,39.5,27.0
2010/9,91.0,33.5
2010/10,105.5,29.5
2010/11,18.0,15.0
2010/12,48.0,13.0
2011/1,3.0,2.5
2011/2,79.0,39.0
2011/3,53.0,24.0
2011/4,112.0,39.5
2011/5,280.0,84.5
2011/6,182.0,39.5
2011/7,162.5,49.0
2011/8,74.5,45.0
2011/9,425.0,124.5
2011/10,162.5,72.0
2011/11,85.5,65.0
2011/12,5.5,4.0
2012/1,27.5,18.0
2012/2,76.5,19.0
2012/3,108.0,24.0
2012/4,130.0,64.0
2012/5,25.0,9.0
2012/6,204.5,58.0
2012/7,231.0,58.0
2012/8,33.5,32.0
2012/9,143.5,38.0
2012/10,88.0,42.5
2012/11,102.5,54.0
2012/12,84.5,32.0
2013/1,29.5,20.0
2013/2,76.5,24.5
2013/3,48.5,20.5
2013/4,87.0,28.5
2013/5,67.0,41.5
2013/6,233.5,80.0
2013/7,43.5,16.0
2013/8,128.0,100.5
2013/9,268.0,97.5
2013/10,187.5,80.5
2013/11,65.0,19.0
2013/12,63.5,26.0
2014/1,29.5,20.0
2014/2,40.0,14.5
2014/3,162.0,54.0
2014/4,72.5,45.5
2014/5,85.0,29.0
2014/6,45.5,16.0
2014/7,69.5,19.0
2014/8,354.0,125.5
2014/9,127.0,51.5
2014/10,118.0,68.0
2014/11,53.0,19.5
2014/12,66.0,24.0
2015/1,83.0,26.0
2015/2,23.0,11.5
2015/3,145.0,38.0
2015/4,115.0,30.0
2015/5,100.0,52.5
2015/6,151.0,49.0
2015/7,434.0,267.0
2015/8,136.5,32.5
2015/9,163.0,40.5
2015/10,38.5,22.0
2015/11,86.5,25.5
2015/12,102.5,60.0
2016/1,46.5,35.0
2016/2,106.5,68.0
2016/3,86.5,32.5
2016/4,108.5,45.0
2016/5,159.0,60.5
2016/6,309.0,50.5
2016/7,84.0,30.0
2016/8,74.5,66.5
2016/9,187.5,40.5
2016/10,42.0,16.0
2016/11,71.0,34.5
2016/12,71.5,34.0
2017/1,32.0,23.5
2017/2,43.5,18.5
2017/3,32.0,19.0
2017/4,124.0,56.5
2017/5,64.0,28.0
2017/6,158.5,59.5
2017/7,77.5,35.0
2017/8,69.5,51.0
2017/9,186.0,74.5
2017/10,338.0,94.0
2017/11,44.0,15.0
2017/12,27.0,23.5
2018/1,44.0,24.0
2018/2,36.0,26.0
2018/3,128.5,36.0
2018/4,137.0,46.0
2018/5,240.5,67.5
2018/6,215.5,59.5
2018/7,531.5,205.5
2018/8,135.5,65.0
2018/9,464.5,84.5
2018/10,47.0,13.5
2018/11,11.5,6.5
2018/12,46.0,11.5
2019/1,15.0,12.0
2019/2,36.0,13.5
2019/3,79.0,16.5
2019/4,87.5,25.5
2019/5,96.0,46.5
2019/6,158.5,67.5
2019/7,219.5,49.0
2019/8,220.5,84.5
2019/9,39.0,16.0
2019/10,160.0,53.0
2019/11,4.0,3.0
2019/12,62.5,21.5
2020/1,62.5,27.0
2020/2,55.0,17.0
2020/3,100.5,29.5
2020/4,99.0,30.0
2020/5,90.5,53.0
2020/6,244.0,74.0
2020/7,586.0,87.0
2020/8,18.0,11.5
2020/9,142.5,77.5
2020/10,154.5,51.0
2020/11,48.5,38.5
2020/12,13.5,7.5
2021/1,54.5,26.5
2021/2,34.0,25.0
2021/3,97.0,28.5
2021/4,168.5,71.0
2021/5,246.0,66.0
2021/6,102.0,33.5
2021/7,184.0,60.5
2021/8,368.5,98.0
2021/9,187.5,39.0
2021/10,43.0,29.5
2021/11,106.5,47.5
2021/12,45.5,16.0
